Reaction,Normalized Sensitivity
H+C3H6<=>CH3+C2H4, 0.1408156
H+CH4<=>H2+CH3, 0.05463845
H+NC10H20=>H2+NC10H19, -0.04165166
H+C2H4<=>H2+C2H3, 0.03596473
H+C4H6<=>C2H4+C2H3, 0.0258052
H+NC12H26=>H2+NC12H25, -0.02545809
H+C4H8-1<=>C2H5+C2H4, 0.0224665
H+NC7H14=>H2+NC7H13, -0.02223285
H+XYLENE=>H2+RXYLENE, -0.02039244
H+NC5H10=>H2+NC5H9-3, -0.01716772
H+NC10H20<=>NC10H21, 0.01653443
H+C4H6=>H2+C4H5, -0.01360995
