Reaction,Normalized Sensitivity
H+C4H6<=>C2H4+C2H3, -0.1222353
H+CH4<=>H2+CH3, -0.108546
H+C4H8-1=>H2+C4H71-3, 0.08001041
H+NC10H20=>H2+NC10H19, 0.0685254
H+C2H4<=>H2+C2H3, -0.06684796
H+NC12H26=>H2+NC12H25, 0.05213785
H+NC5H10=>H2+NC5H9-3, 0.04498611
H+NC10H20<=>NC10H21, -0.04173369
H+C4H8-1<=>CH3+C3H6, -0.04122358
C2H3+C4H6=>CH3+C5H6, -0.04033629
H+NC7H14=>H2+NC7H13, 0.03623951
1.00H+1.00LC5H8=>0.500CH3+0.300C2H4+0.200C2H3+0.200C3H6+0.300C3H5-S+0.500C4H6, 0.03497931
