Reaction,Normalized Sensitivity
H+C3H6<=>CH3+C2H4, -0.5543765
H+CH4<=>H2+CH3, -0.1442897
H+C4H8-1<=>CH3+C3H6, 0.1178082
H+XYLENE=>H2+RXYLENE, 0.06051054
H+NC12H26=>H2+NC12H25, 0.0546801
H+NC10H20=>H2+NC10H19, 0.05442443
H+NC7H14=>H2+NC7H13, 0.05324937
NC7H15<=>C3H6+PC4H9, 0.04761198
H+C2H4(+M)<=>C2H5(+M), 0.03741454
1.00NC7H14=>0.500CH3+0.500C2H5+0.500NC3H7+0.500C4H71-3+0.500C4H6, -0.03321702
H+C2H6<=>H2+C2H5, -0.02941345
NC5H10<=>CH3+C4H71-3, -0.02854327
