Reaction,Normalized Sensitivity
H+CH4<=>H2+CH3, 0.08494139
H+C3H4-P<=>CH3+C2H2, 0.08391888
C2H4+M<=>H2+C2H2+M, 0.02542165
H+C3H4-A<=>H2+C3H3, -0.02433875
H+C2H4<=>H2+C2H3, 0.02149511
H+C3H4-P<=>H2+C3H3, -0.02145237
H+C2H6<=>H2+C2H5, -0.02068286
H+C2H2(+M)<=>C2H3(+M), 0.01991277
2CH3(+M)<=>C2H6(+M), -0.01962114
H2+C6H5=>H+C6H6, 0.01525071
H+IC4H8=>H2+IC4H7, -0.01417109
H+C6H6=>H2+C6H5, -0.01365563
