Reaction,Normalized Sensitivity
RTETRALIN=>CH3+INDENE, 0.1290096
1.00H+1.00C10H8=>0.500C10H7+0.500RTETRALIN, 0.1110895
H+C10H8=>C4H4+C6H5, -0.1044671
RTETRALIN=>H+C10H10, -0.09419485
C2H2+C6H5<=>H+C6H5C2H, 0.05889182
C6H5C2H5<=>CH3+C7H7, 0.05772521
2C3H3<=>C6H6, 0.04923056
H+C6H6=>H2+C6H5, 0.04394867
C7H7=>H+C7H6, -0.0437522
H+C7H8<=>CH3+C6H6, 0.04283327
H2+C6H5=>H+C6H6, -0.04159871
H+C7H7<=>CH3+C6H5, 0.03846635
