Reaction,Normalized Sensitivity
H2+C6H5=>H+C6H6, 0.4888869
H+C6H6=>H2+C6H5, -0.4789756
H+C10H8=>C4H4+C6H5, 0.2893638
H+C6H5C2H=>H2+C6H4C2H, -0.2602679
C2H2+C6H5<=>H+C6H5C2H, -0.2448155
H2+C10H7=>H+C10H8, 0.219841
H+C10H8=>H2+C10H7, -0.1520461
H+C6H5C2H3=>H2+C6H5C2H2, -0.137604
1.00H+1.00C10H8=>0.500C10H7+0.500RTETRALIN, -0.1166577
H+C6H4C2H<=>C6H5C2H, 0.1134121
C2H2+C10H7<=>H+C12H8, -0.1058032
C6H6+C6H4C2H=>H+C14H10, -0.1024432
