Reaction,Normalized Sensitivity
H2+C10H7=>H+C10H8, 0.2007566
H+C6H6=>H2+C6H5, -0.1955576
C2H2+C6H5<=>H+C6H5C2H, -0.1951325
H2+C6H5=>H+C6H6, 0.1935752
H+C10H8=>C4H4+C6H5, 0.1901494
H+C10H8=>H2+C10H7, -0.1378133
C2H2+C10H7<=>H+C12H8, -0.1290113
C2H2+C14H9<=>H+C16H10, -0.07893471
H2+C14H9=>H+C14H10, 0.06993329
H+C12H8=>H2+C12H7, -0.05952507
1.00H+1.00C14H10=>0.688C14H9+0.438RTETRALIN, 0.05548623
C6H5+M<=>LC6H5+M, 0.05538803
