Reaction,Normalized Sensitivity
H+CH4<=>H2+CH3, 0.122125
H+C2H4(+M)<=>C2H5(+M), -0.06279766
H+C2H2(+M)<=>C2H3(+M), 0.06015901
C2H4+M<=>H2+C2H2+M, 0.05366388
2CH3<=>H+C2H5, 0.05271351
H+C3H4-P<=>CH3+C2H2, 0.0494067
H+C4H6=>H2+C4H5, -0.03460481
C2H3+C2H2<=>H+C4H4, 0.02908006
H+C4H8-1<=>CH3+C3H6, 0.02429076
H+C4H8-1=>H2+C4H71-3, -0.02363381
H+C4H8-1<=>C2H5+C2H4, -0.02303323
H+C5H6=>H2+C5H5, -0.02174122
